ID,userId,AgentID,Is_Active,lastInserted
1,9SxMjg,9,1,
2,IBiQP4,9,1,
4,8xcSe8,9,1,
3,jk3QPH,8,1,
5,Q1M7Fs,8,1,
6,hqEvkP,9,1,
7,sScPai,10,1,
8,CHQcfY,9,1,
9,hWFlL4,9,1,
10,RtSvOj,9,1,
11,ih8udN,10,1,
12,HHX3d2,10,1,
13,OHlWtC,9,1,
14,JdVgJl,9,1,
15,oW1BaM,9,1,
16,gtvqkR,9,1,
17,QJ3a9V,9,1,
18,YvibF6,9,1,
19,Mur5pB,9,1,
20,4zYzza,10,1,
21,rLp0tf,9,1,
22,tabSUZ,10,1,
23,yfwfqP,10,1,
24,JKPHX5,9,1,
25,inIpyW,8,1,
26,ZgcgzW,9,1,
27,9RpL0O,9,1,
28,t7VaUe,10,1,
29,tmsOMp,8,1,
30,7TlYgt,8,1,
31,7OGdm2,10,1,
32,yJjRyy,9,1,
33,8Um0ng,10,1,
34,Q6ey24,9,1,
35,mBn4jA,9,1,
